system,rmsd,placement_pdb
hdac2,0.36362255655605846,hdac2_ResPos_22_ResID_MET_Trio36_+_motif_3PZH_EMO.pdb_MET163_EMO_Packing_score_-3.463320_Hbond_score_0.000000_delta_-24.021615_motifs_8_realmotifratio_0.000000.pdb_lig
gria2,0.26511667592185056,gria2_ResPos_249_ResID_GLU_Trio31_+_motif_4V2O_CLQ.pdb_GLU69_CLQ_Packing_score_-2.443795_Hbond_score_0.000000_delta_-24.338221_motifs_10_realmotifratio_0.000000.pdb_lig
jak2,0.11757396124838317,jak2_ResPos_39_ResID_ALA_Trio51_+_motif_5EAK_24R.pdb_ALA80_24R_Packing_score_-1.171687_Hbond_score_0.000000_delta_-27.727213_motifs_7_realmotifratio_0.285714.pdb_lig
fa7,7.3586651320059415,fa7_ResPos_83_ResID_THR_Trio5_+_motif_2K2G_DSV.pdb_THR239_DSV_Packing_score_-1.160515_Hbond_score_0.000000_delta_-15.996432_motifs_3_realmotifratio_0.000000.pdb_lig
rxra,0.4494459088700216,rxra_ResPos_21_ResID_ILE_Trio35_+_motif_4RJJ_TPP.pdb_ILE36_TPP_Packing_score_-1.024186_Hbond_score_0.000000_delta_-16.696617_motifs_12_realmotifratio_0.083333.pdb_lig
pa2ga,0.5417065113550362,pa2ga_ResPos_2_ResID_LEU_Trio5_+_motif_5WPX_7V9.pdb_LEU48_7V9_Packing_score_-1.888691_Hbond_score_0.000000_delta_-30.911875_motifs_10_realmotifratio_0.100000.pdb_lig
mk10,0.13466973490729128,mk10_ResPos_102_ResID_LEU_Trio20_+_motif_6A7E_9QR.pdb_LEU22_9QR_Packing_score_-2.028365_Hbond_score_0.000000_delta_-29.987742_motifs_9_realmotifratio_0.222222.pdb_lig
glcm,0.5199937499624395,glcm_ResPos_244_ResID_TYR_Trio28_+_motif_6RPC_EDO.pdb_TYR727_EDO_Packing_score_-1.312305_Hbond_score_0.000000_delta_-14.069424_motifs_9_realmotifratio_0.000000.pdb_lig
egfr,0.2338480470111079,egfr_ResPos_144_ResID_THR_Trio9_+_motif_6V2U_P06.pdb_THR529_P06_Packing_score_-2.460626_Hbond_score_0.000000_delta_-34.528711_motifs_12_realmotifratio_0.083333.pdb_lig
nram,0.5883183831905988,nram_ResPos_303_ResID_TYR_Trio69_+_motif_7P1S_KFN.pdb_TYR360_KFN_Packing_score_-2.519680_Hbond_score_0.000000_delta_-19.219484_motifs_11_realmotifratio_0.000000.pdb_lig
pparg,0.40271509980742365,pparg_ResPos_202_ResID_HIS_Trio93_+_motif_3S1C_GOL.pdb_HIS504_GOL_Packing_score_-1.308575_Hbond_score_0.000000_delta_-29.831268_motifs_14_realmotifratio_0.142857.pdb_lig
ppard,0.5587039385122421,ppard_ResPos_67_ResID_THR_Trio76_+_motif_6V76_OXL.pdb_THR328_OXL_Packing_score_-1.341594_Hbond_score_0.000000_delta_22.891390_motifs_14_realmotifratio_0.214286.pdb_lig
braf,1.6282385969419313,braf_ResPos_34_ResID_ALA_Trio42_+_motif_6Z55_PQ5.pdb_ALA184_PQ5_Packing_score_-1.675983_Hbond_score_0.000000_delta_-21.975910_motifs_8_realmotifratio_0.375000.pdb_lig
nos1,0.4205274465874175,nos1_ResPos_123_ResID_GLN_Trio32_+_motif_4MFD_OXL.pdb_GLN552_OXL_Packing_score_-1.090730_Hbond_score_-1.272514_delta_-11.739919_motifs_5_realmotifratio_0.000000.pdb_lig
pur2,0.23211357247329556,pur2_ResPos_62_ResID_ARG_Trio56_+_motif_1YNI_SUG.pdb_ARG212_SUG_Packing_score_-1.268456_Hbond_score_-2.762371_delta_-35.205146_motifs_12_realmotifratio_0.083333.pdb_lig
kit,0.1192091363185649,kit_ResPos_185_ResID_LEU_Trio13_+_motif_4CCX_HEM.pdb_LEU232_HEM_Packing_score_-1.951823_Hbond_score_0.000000_delta_-19.177360_motifs_7_realmotifratio_0.428571.pdb_lig
abl1,0.17319393156526744,abl1_ResPos_16_ResID_LEU_Trio69_+_motif_2VRX_447.pdb_LEU99_447_Packing_score_-3.487423_Hbond_score_0.000000_delta_-32.025347_motifs_13_realmotifratio_0.230769.pdb_lig
inha,0.8875785752668477,inha_ResPos_191_ResID_ILE_Trio36_+_motif_3JVX_EKB.pdb_ILE51_EKB_Packing_score_-3.044608_Hbond_score_0.000000_delta_-18.968446_motifs_6_realmotifratio_0.000000.pdb_lig
mp2k1,0.25710369054587284,mp2k1_ResPos_177_ResID_LEU_Trio41_+_motif_2E93_B29.pdb_LEU178_B29_Packing_score_-2.058534_Hbond_score_0.000000_delta_-25.017261_motifs_9_realmotifratio_0.000000.pdb_lig
kif11,0.5646840897458694,kif11_ResPos_73_ResID_GLU_Trio21_+_motif_1V8X_HEM.pdb_GLU24_HEM_Packing_score_-2.901504_Hbond_score_0.000000_delta_-24.615364_motifs_11_realmotifratio_0.090909.pdb_lig
prgr,0.3401047224344617,prgr_ResPos_67_ResID_MET_Trio19_+_motif_6PKC_OP4.pdb_MET278_OP4_Packing_score_-6.013152_Hbond_score_0.000000_delta_-32.593972_motifs_14_realmotifratio_0.071429.pdb_lig
grik1,0.3596129533129695,grik1_ResPos_56_ResID_TYR_Trio23_+_motif_4I7F_NVE.pdb_TYR318_NVE_Packing_score_-2.545948_Hbond_score_0.000000_delta_-16.165128_motifs_8_realmotifratio_0.125000.pdb_lig
aces,0.22369867062210022,aces_ResPos_359_ResID_HIS_Trio13_+_motif_7AIU_8UQ.pdb_HIS440_8UQ_Packing_score_-2.215143_Hbond_score_0.000000_delta_-23.359057_motifs_7_realmotifratio_0.142857.pdb_lig
pgh2,0.606354364530029,pgh2_ResPos_311_ResID_LEU_Trio24_+_motif_8B2P_HEM.pdb_LEU304_HEM_Packing_score_-1.059812_Hbond_score_0.000000_delta_-28.227320_motifs_11_realmotifratio_0.090909.pdb_lig
rock1,0.309017978621168,rock1_ResPos_99_ResID_MET_Trio6_+_motif_3A2C_PDY.pdb_MET138_PDY_Packing_score_-1.447577_Hbond_score_0.000000_delta_-16.710924_motifs_7_realmotifratio_0.142857.pdb_lig
mmp13,0.7597071099161455,mmp13_ResPos_113_ResID_VAL_Trio79_+_motif_7VGY_ML2.pdb_VAL159_ML2_Packing_score_-1.014345_Hbond_score_0.000000_delta_-24.055806_motifs_7_realmotifratio_0.142857.pdb_lig
pnph,0.30597497317677225,pnph_ResPos_164_ResID_PHE_Trio22_+_motif_7A62_HEM.pdb_PHE163_HEM_Packing_score_-1.737072_Hbond_score_0.000000_delta_-19.231171_motifs_8_realmotifratio_0.125000.pdb_lig
tgfr1,6.135622200858416,tgfr1_ResPos_140_ResID_LEU_Trio60_+_motif_5J3W_FMN.pdb_LEU97_FMN_Packing_score_-4.109816_Hbond_score_0.000000_delta_-23.850734_motifs_10_realmotifratio_0.200000.pdb_lig
pyrd,0.381612417299329,pyrd_ResPos_30_ResID_ALA_Trio45_+_motif_6ANF_B0I.pdb_ALA9_B0I_Packing_score_-1.606458_Hbond_score_0.000000_delta_-26.456681_motifs_14_realmotifratio_0.142857.pdb_lig
lkha4,0.4059846323928161,lkha4_ResPos_95_ResID_GLN_Trio16_+_motif_4MKT_1V6.pdb_GLN136_1V6_Packing_score_-1.215144_Hbond_score_0.000000_delta_-22.663217_motifs_9_realmotifratio_0.111111.pdb_lig
def,0.6733388338609215,def_ResPos_96_ResID_ARG_Trio4_+_motif_1LRU_BB2.pdb_ARG97_BB2_Packing_score_-1.881217_Hbond_score_0.000000_delta_-20.838406_motifs_7_realmotifratio_0.142857.pdb_lig
kpcb,0.2568498559175158,kpcb_ResPos_10_ResID_LEU_Trio19_+_motif_3DT3_369.pdb_LEU387_369_Packing_score_-2.598624_Hbond_score_0.000000_delta_-25.846003_motifs_12_realmotifratio_0.166667.pdb_lig
parp1,6.193488367632574,parp1_ResPos_245_ResID_TYR_Trio9_parpl_motif_5VVN_P94.pdb_TYR477_P94_Packing_score_-1.652866_Hbond_score_0.000000_delta_-15.615930_motifs_5_realmotifratio_0.000000.pdb_lig
casp3,4.395649792151109,casp3_ResPos_105_ResID_THR_Trio6_+_motif_5MZ3_8EN.pdb_THR106_8EN_Packing_score_-2.101844_Hbond_score_0.000000_delta_-13.244802_motifs_5_realmotifratio_0.000000.pdb_lig
hdac8,8.578759162134391,hdac8_ResPos_276_ResID_TYR_Trio6_+_motif_5L1F_6ZP.pdb_TYR616_6ZP_Packing_score_-1.160761_Hbond_score_0.000000_delta_-15.307171_motifs_7_realmotifratio_0.000000.pdb_lig
met,0.20837476689431694,met_ResPos_56_ResID_ALA_Trio20_+_motif_4PTG_2WG.pdb_ALA83_2WG_Packing_score_-1.307703_Hbond_score_0.000000_delta_-40.843782_motifs_16_realmotifratio_0.062500.pdb_lig
pygm,0.414150464376001,pygm_ResPos_116_ResID_GLU_Trio4_+_motif_3FF6_RCP.pdb_GLU2232_RCP_Packing_score_-2.295808_Hbond_score_0.000000_delta_-18.366389_motifs_4_realmotifratio_0.000000.pdb_lig
bace1,4.7849715068565,bace1_ResPos_32_ResID_LEU_Trio16_+_motif_2OJJ_82A.pdb_LEU154_82A_Packing_score_-3.027206_Hbond_score_0.000000_delta_-15.303529_motifs_8_realmotifratio_0.000000.pdb_lig
reni,0.12571877068411683,reni_ResPos_108_ResID_MET_Trio79_+_motif_1MK8_HEM.pdb_MET172_HEM_Packing_score_-2.251393_Hbond_score_0.000000_delta_-34.980741_motifs_13_realmotifratio_0.000000.pdb_lig
hivpr,0.2263613558331769,hivpr_ResPos_49_ResID_ILE_Trio70_+_motif_5IOV_QEM.pdb_ILE106_QEM_Packing_score_-2.350197_Hbond_score_0.000000_delta_-106.790584_motifs_11_realmotifratio_0.272727.pdb_lig
cp2c9,0.6031248719055703,cp2c9_ResPos_232_ResID_ALA_Trio34_+_motif_7BK4_LG2.pdb_ALA272_LG2_Packing_score_-1.884575_Hbond_score_0.000000_delta_-14.870080_motifs_4_realmotifratio_0.000000.pdb_lig
fpps,5.3665515056225805,fpps_ResPos_152_ResID_LYS_Trio34_+_motif_6X3C_PO4.pdb_LYS167_PO4_Packing_score_-2.203034_Hbond_score_0.000000_delta_-12.094414_motifs_3_realmotifratio_0.000000.pdb_lig
ital,0.20482438093895697,ital_ResPos_175_ResID_LEU_Trio7_+_motif_1OR4_HEM.pdb_LEU79_HEM_Packing_score_-1.397177_Hbond_score_0.000000_delta_-25.798047_motifs_10_realmotifratio_0.000000.pdb_lig
aldr,0.2389309523690892,aldr_ResPos_106_ResID_TRP_Trio51_+_motif_5QJL_JJM.pdb_TRP46_JJM_Packing_score_-7.572257_Hbond_score_0.000000_delta_-27.883348_motifs_13_realmotifratio_0.000000.pdb_lig
dyr,0.3602766298276921,dyr_ResPos_7_ResID_ILE_Trio58_+_motif_7MYM_TOP.pdb_ILE5_TOP_Packing_score_-1.279794_Hbond_score_0.000000_delta_-20.795767_motifs_8_realmotifratio_0.250000.pdb_lig
tryb1,0.42938005399556206,tryb1_ResPos_209_ResID_GLU_Trio49_+_motif_5F6D_5VJ.pdb_GLU42_5VJ_Packing_score_-2.723983_Hbond_score_0.000000_delta_-23.709581_motifs_5_realmotifratio_0.000000.pdb_lig
thb,0.22494451696870915,thb_ResPos_115_ResID_LEU_Trio21_+_motif_1K8Z_IAG.pdb_LEU100_IAG_Packing_score_-3.467030_Hbond_score_0.000000_delta_-27.360040_motifs_11_realmotifratio_0.090909.pdb_lig
fnta,0.20354852001427082,fnta_ResPos_235_ResID_TRP_Trio75_+_motif_3E37_ED5.pdb_TRP108_ED5_Packing_score_-1.557233_Hbond_score_0.000000_delta_-24.853214_motifs_13_realmotifratio_0.153846.pdb_lig
mcr,0.20407078334583909,mcr_ResPos_39_ResID_GLN_Trio31_+_motif_7KRJ_DEX.pdb_GLN570_DEX_Packing_score_-2.100686_Hbond_score_-1.049163_delta_-27.799624_motifs_15_realmotifratio_0.000000.pdb_lig
urok,0.25035508116806204,urok_ResPos_178_ResID_ASP_Trio59_+_motif_2BDG_PBZ.pdb_ASP189_PBZ_Packing_score_-1.187426_Hbond_score_-1.693119_delta_-24.291656_motifs_5_realmotifratio_0.200000.pdb_lig
andr,0.1793233312841838,andr_ResPos_70_ResID_MET_Trio14_+_motif_7RAF_STR.pdb_MET742_STR_Packing_score_-2.885604_Hbond_score_0.000000_delta_-21.994588_motifs_12_realmotifratio_0.000000.pdb_lig
ppara,0.1952838648705718,ppara_ResPos_68_ResID_CYS_Trio18_+_motif_6DBB_NAD.pdb_CYS292_NAD_Packing_score_-4.270634_Hbond_score_0.000000_delta_-33.946796_motifs_14_realmotifratio_0.214286.pdb_lig
kith,0.11681256983128237,kith_ResPos_9_ResID_MET_Trio42_+_motif_6QGQ_GOL.pdb_MET65_GOL_Packing_score_-1.744819_Hbond_score_0.000000_delta_-23.578843_motifs_7_realmotifratio_0.000000.pdb_lig
hivrt,0.24908841494846468,hivrt_ResPos_77_ResID_TYR_Trio4_+_motif_3LAN_KBT.pdb_TYR181_KBT_Packing_score_-2.143373_Hbond_score_0.000000_delta_-24.574698_motifs_9_realmotifratio_0.222222.pdb_lig
hs90a,0.34910157417420673,hs90a_ResPos_123_ResID_PHE_Trio4_+_motif_1N1E_NDE.pdb_PHE97_NDE_Packing_score_-5.620912_Hbond_score_0.000000_delta_-21.243094_motifs_10_realmotifratio_0.200000.pdb_lig
akt1,0.13247919399703967,akt1_ResPos_34_ResID_ALA_Trio55_+_motif_4QP1_EMU.pdb_ALA52_EMU_Packing_score_-1.283037_Hbond_score_0.000000_delta_-21.399599_motifs_9_realmotifratio_0.333333.pdb_lig
fkb1a,0.9627145540086126,fkb1a_ResPos_99_ResID_PHE_Trio84_+_motif_8BAJ_9QN.pdb_PHE120_9QN_Packing_score_-1.775125_Hbond_score_0.000000_delta_-21.783040_motifs_11_realmotifratio_0.181818.pdb_lig
sahh,0.12099238775533103,sahh_ResPos_319_ResID_LEU_Trio9_+_motif_2ZJ1_ARJ.pdb_LEU410_ARJ_Packing_score_-3.210894_Hbond_score_0.000000_delta_-23.377044_motifs_12_realmotifratio_0.333333.pdb_lig
hmdh,0.09589461808557202,hmdh_ResPos_205_ResID_LEU_Trio19_+_motif_3I8R_HEM.pdb_LEU33_HEM_Packing_score_-1.169761_Hbond_score_0.000000_delta_-27.834797_motifs_12_realmotifratio_0.083333.pdb_lig
aa2ar,4.280716533673616,aa2ar_ResPos_248_ResID_MET_Trio59_+_motif_1OIZ_TRT.pdb_MET209_TRT_Packing_score_-4.917832_Hbond_score_0.000000_delta_-18.792692_motifs_7_realmotifratio_0.000000.pdb_lig
dhi1,0.2299493150674733,dhi1_ResPos_236_ResID_TYR_Trio4_+_motif_4E67_HCI.pdb_TYR481_HCI_Packing_score_-1.861371_Hbond_score_0.000000_delta_-29.792532_motifs_9_realmotifratio_0.000000.pdb_lig
aofb,0.2912684083698172,aofb_ResPos_154_ResID_LEU_Trio7_+_motif_5UT4_DQX.pdb_LEU579_DQX_Packing_score_-4.340015_Hbond_score_0.000000_delta_-14.647319_motifs_5_realmotifratio_0.000000.pdb_lig
mapk2,1.2629736666924691,mapk2_ResPos_24_ResID_LEU_Trio4_+_motif_6IJJ_CLA.pdb_LEU183_CLA_Packing_score_-5.814700_Hbond_score_0.000000_delta_-17.981996_motifs_6_realmotifratio_0.333333.pdb_lig
plk1,3.505917377270889,plk1_ResPos_31_ResID_CYS_Trio67_+_motif_6GEY_EWT.pdb_CYS168_EWT_Packing_score_-1.754566_Hbond_score_0.000000_delta_-18.418332_motifs_5_realmotifratio_0.000000.pdb_lig
cxcr4,0.2483492910607361,cxcr4_ResPos_156_ResID_ARG_Trio62_+_motif_6S8S_CXS.pdb_ARG375_CXS_Packing_score_-2.270068_Hbond_score_0.000000_delta_-18.359965_motifs_8_realmotifratio_0.000000.pdb_lig
cah2,3.0095902752700403,cah2_ResPos_196_ResID_THR_Trio12_+_motif_7O1L_SO4.pdb_THR659_SO4_Packing_score_-1.097147_Hbond_score_0.000000_delta_-11.004178_motifs_7_realmotifratio_0.000000.pdb_lig
adrb2,7.436266754897917,adrb2_ResPos_189_ResID_PHE_Trio20_+_motif_7M1T_UMQ.pdb_PHE136_UMQ_Packing_score_-1.527672_Hbond_score_0.000000_delta_50.017074_motifs_10_realmotifratio_0.000000.pdb_lig
ada,0.27985219313058807,ada_ResPos_290_ResID_ASP_Trio50_+_motif_1PKE_2FD.pdb_ASP204_2FD_Packing_score_-1.280028_Hbond_score_-0.785964_delta_-20.460730_motifs_8_realmotifratio_0.125000.pdb_lig
thrb,0.21437265768664754,thrb_ResPos_111_ResID_LEU_Trio18_+_motif_5AFJ_42R.pdb_LEU6_42R_Packing_score_-2.863391_Hbond_score_0.000000_delta_-28.744264_motifs_8_realmotifratio_0.000000.pdb_lig
csf1r,0.12350780773468774,csf1r_ResPos_37_ResID_LEU_Trio46_+_motif_5UT4_DQX.pdb_LEU579_DQX_Packing_score_-4.340015_Hbond_score_0.000000_delta_-22.873560_motifs_9_realmotifratio_0.111111.pdb_lig
fgfr1,0.11181010687768772,fgfr1_ResPos_155_ResID_LEU_Trio12_+_motif_5WMD_6JE.pdb_LEU92_6JE_Packing_score_-3.181635_Hbond_score_0.000000_delta_-21.486097_motifs_8_realmotifratio_0.375000.pdb_lig
igf1r,0.47636421640029436,igf1r_ResPos_48_ResID_ALA_Trio72_+_motif_3ZM4_22T.pdb_ALA95_22T_Packing_score_-1.406510_Hbond_score_0.000000_delta_-26.453715_motifs_9_realmotifratio_0.222222.pdb_lig
esr1,0.1710622782214216,esr1_ResPos_190_ResID_LEU_Trio23_+_motif_6G8X_EQT.pdb_LEU156_EQT_Packing_score_-2.234961_Hbond_score_0.000000_delta_-28.335363_motifs_18_realmotifratio_0.000000.pdb_lig
dpp4,1.9390932782967107,dpp4_ResPos_474_ResID_TYR_Trio5_+_motif_5XMS_8B3.pdb_TYR63_8B3_Packing_score_-5.285950_Hbond_score_0.000000_delta_-16.528942_motifs_8_realmotifratio_0.000000.pdb_lig
fabp4,0.4158596852037689,fabp4_ResPos_16_ResID_PHE_Trio13_+_motif_4MHA_4MH.pdb_PHE673_4MH_Packing_score_-3.099028_Hbond_score_0.000000_delta_-24.170185_motifs_13_realmotifratio_0.000000.pdb_lig
fa10,1.8314724694218036,fa10_ResPos_196_ResID_TRP_Trio31_+_motif_5JSG_6P9.pdb_TRP62_6P9_Packing_score_-3.622244_Hbond_score_0.000000_delta_-22.268691_motifs_5_realmotifratio_0.000000.pdb_lig
ada17,3.126231357401432,ada17_ResPos_173_ResID_LEU_Trio30_+_motif_6Z54_Q7H.pdb_LEU162_Q7H_Packing_score_-1.652404_Hbond_score_0.000000_delta_-17.641830_motifs_3_realmotifratio_0.000000.pdb_lig
lck,0.43688053286911355,lck_ResPos_141_ResID_LEU_Trio54_+_motif_7FCZ_3IF.pdb_LEU129_3IF_Packing_score_-1.559302_Hbond_score_0.000000_delta_-20.318076_motifs_5_realmotifratio_0.600000.pdb_lig
adrb1,0.8263652484280326,adrb1_ResPos_223_ResID_PHE_Trio27_+_motif_3SK2_GRI.pdb_PHE38_GRI_Packing_score_-1.395857_Hbond_score_0.000000_delta_-20.929658_motifs_9_realmotifratio_0.111111.pdb_lig
ampc,8.154342353457531,ampc_ResPos_115_ResID_LEU_Trio33_+_motif_2I96_HEM.pdb_LEU48_HEM_Packing_score_-1.619574_Hbond_score_0.000000_delta_-15.668269_motifs_7_realmotifratio_0.000000.pdb_lig
esr2,0.37295520670302473,esr2_ResPos_180_ResID_LEU_Trio64_+_motif_4LR6_1XA.pdb_LEU92_1XA_Packing_score_-2.039578_Hbond_score_0.000000_delta_-24.301635_motifs_13_realmotifratio_0.000000.pdb_lig
xiap,8.002771155178818,xiap_ResPos_53_ResID_LEU_Trio16_+_motif_1BEQ_HEM.pdb_LEU171_HEM_Packing_score_-1.376825_Hbond_score_0.000000_delta_-12.882602_motifs_3_realmotifratio_0.000000.pdb_lig
akt2,0.12286197343413043,akt2_ResPos_21_ResID_VAL_Trio38_+_motif_3QJ5_022.pdb_VAL293_022_Packing_score_-1.541632_Hbond_score_0.000000_delta_-33.296239_motifs_16_realmotifratio_0.000000.pdb_lig
comt,5.851233673337616,comt_ResPos_134_ResID_TRP_Trio1_+_motif_5CX7_HEM.pdb_TRP50_HEM_Packing_score_-2.633265_Hbond_score_0.000000_delta_-12.343861_motifs_4_realmotifratio_0.000000.pdb_lig
ace,0.4155764917711547,ace_ResPos_322_ResID_GLU_Trio106_+_motif_6JFG_K1U.pdb_GLU155_K1U_Packing_score_-1.521697_Hbond_score_0.000000_delta_-31.772655_motifs_16_realmotifratio_0.000000.pdb_lig
